apartament,scara,suprafata_m2
1,1,65.20
2,1,50.90
3,1,50.40
4,1,88.30
5,1,66.40
6,1,49.00
7,1,49.10
8,1,66.30
9,1,66.40
10,1,49.10
11,1,49.10
12,1,66.40
13,1,66.40
14,1,49.20
15,1,49.20
16,1,66.40
17,1,66.60
18,1,49.20
19,1,49.10
20,1,66.30
21,1,66.40
22,1,49.10
23,1,49.20
24,1,51.20
24a,1,16.80
25,1,66.40
26,1,49.10
27,1,49.20
28,1,66.30
29,1,66.60
30,1,49.20
31,1,49.10
32,1,66.50
33,1,66.50
34,1,49.20
35,1,49.20
36,1,66.00
37,2,66.60
38,2,49.20
38a,2,15.20
39,2,34.30
40,2,66.40
41,2,67.00
42,2,50.30
43,2,50.20
44,2,68.00
45,2,67.10
46,2,50.30
47,2,50.10
48,2,67.40
49,2,67.00
50,2,50.30
51,2,50.10
52,2,67.40
53,2,67.10
54,2,50.20
55,2,50.40
56,2,67.20
57,2,67.10
58,2,50.20
59,2,50.10
60,2,67.40
61,2,67.10
62,2,50.30
63,2,50.10
64,2,67.30
65,2,67.10
66,2,49.30
67,2,50.20
68,2,67.30
69,2,67.30
70,2,49.60
71,2,49.80
72,2,67.40
73,3,66.50
74,3,50.20
74a,3,15.80
75,3,34.30
76,3,66.70
77,3,67.70
78,3,50.00
79,3,50.00
80,3,67.00
81,3,66.70
82,3,50.00
83,3,50.00
84,3,66.70
85,3,67.60
86,3,50.10
87,3,50.10
88,3,66.80
89,3,67.50
90,3,50.00
91,3,50.00
92,3,66.80
93,3,67.50
94,3,50.00
95,3,50.00
96,3,66.80
97,3,67.60
98,3,50.10
99,3,50.10
100,3,67.20
101,3,67.50
102,3,50.00
103,3,50.00
104,3,62.80
105,3,63.90
106,3,50.30
107,3,50.10
108,3,67.70
109,4,67.10
110,4,50.10
110a,4,23.90
111,4,34.50
112,4,67.90
113,4,68.70
114,4,50.70
115,4,50.40
116,4,69.40
117,4,68.60
118,4,50.90
119,4,50.60
120,4,69.00
121,4,68.70
122,4,50.70
123,4,50.60
124,4,69.00
125,4,68.70
126,4,50.90
127,4,50.60
128,4,68.90
129,4,68.70
130,4,50.90
131,4,50.50
132,4,68.90
133,4,68.80
134,4,50.90
135,4,50.60
136,4,68.80
137,4,68.50
138,4,50.90
139,4,50.50
140,4,63.80
141,4,68.60
142,4,51.20
143,4,50.60
144,4,68.40
145,5,74.70
146,5,50.80
147,5,34.80
147a,5,16.20
148,5,68.60
149,5,69.00
150,5,51.10
151,5,50.80
152,5,69.00
153,5,69.20
154,5,51.00
155,5,51.10
156,5,69.10
157,5,69.10
158,5,51.10
159,5,51.30
160,5,69.20
161,5,69.90
162,5,51.00
163,5,50.90
164,5,69.10
165,5,69.10
166,5,51.10
167,5,52.30
168,5,69.10
169,5,69.10
170,5,51.10
171,5,51.20
172,5,69.60
173,5,69.20
174,5,51.10
175,5,51.00
176,5,69.10
177,5,68.40
178,5,51.60
179,5,51.60
180,5,68.50
181,6,67.40
182,6,50.80
182a,6,15.50
183,6,34.40
184,6,67.40
185,6,68.40
186,6,51.20
187,6,50.80
188,6,68.50
189,6,68.60
190,6,51.30
191,6,50.90
192,6,68.60
193,6,68.50
194,6,51.10
195,6,47.80
196,6,68.70
197,6,68.60
198,6,51.20
199,6,47.80
200,6,67.10
201,6,68.50
202,6,51.20
203,6,50.90
204,6,68.70
205,6,68.40
206,6,51.20
207,6,51.00
208,6,68.50
209,6,68.50
210,6,51.30
211,6,50.90
212,6,68.50
213,6,68.40
214,6,51.00
215,6,51.10
216,6,69.70
